"id","name","information_amount","minimum_players","maximum_players","highest_round_number","scenarioparameters_id","gameversion_id","description"
"3","With Info","1","6","8","5","1","3","NULL"
"4","Without Info","0","6","8","5","1","3","NULL"
"11","Met informatie","1","6","8","5","7","5","NULL"
"12","Zonder informatie","0","6","8","5","7","5","NULL"
"13","With Info","1","6","8","4","1","7","NULL"
"14","Without Info","0","6","8","4","1","7","NULL"
"19","With Info","1","6","8","4","1","11","NULL"
"21","With Info","1","6","8","3","1","12",""
